bodyPositionMm,diameterOffsetMicrometer
0.000,0.00
3.000,0.00
6.000,0.00
9.000,0.00
12.000,0.00
15.000,0.00
18.000,0.00
21.000,0.00
24.000,0.00
27.000,0.00
30.000,0.00
33.000,0.00
36.000,0.00
39.000,0.00
42.000,0.00
45.000,0.00
48.000,0.00
51.000,0.00
54.000,0.00
57.000,0.00
60.000,0.00
63.000,0.00
66.000,0.00
69.000,0.00
72.000,0.00
75.000,0.00
78.000,0.00
81.000,0.00
84.000,0.00
87.000,0.00
90.000,0.00
93.000,0.00
96.000,0.00
99.000,0.00
102.000,0.00
105.000,0.00
108.000,0.00
111.000,0.00
114.000,0.00
117.000,0.00
120.000,0.00
123.000,0.00
126.000,0.00
129.000,0.00
132.000,0.00
135.000,0.00
138.000,0.00
141.000,0.00
144.000,0.00
147.000,0.00
150.000,0.00
153.000,0.00
156.000,0.00
159.000,0.00
162.000,0.00
165.000,0.00
168.000,0.00
171.000,0.00
174.000,0.00
177.000,0.00
180.000,0.00
183.000,0.00
186.000,0.00
189.000,0.00
192.000,0.00
195.000,0.00
198.000,0.00
201.000,0.00
204.000,0.00
207.000,0.00
210.000,0.00
213.000,0.00
216.000,0.00
219.000,0.00
222.000,0.00
225.000,0.00
228.000,0.00
231.000,0.00
234.000,0.00
237.000,0.00
240.000,0.00
243.000,0.00
246.000,0.00
249.000,0.00
252.000,0.00
255.000,0.00
258.000,0.00
261.000,0.00
264.000,0.00
267.000,0.00
270.000,0.00
273.000,0.00
276.000,0.00
279.000,0.00
282.000,0.00
285.000,0.00
288.000,0.00
291.000,0.00
294.000,0.00
297.000,0.00
300.000,0.00
